VS,3 ColorRuns,,,,交流戦,,10/4,13:00,北谷運動公園,,
,チーム名,,,１,２,３,４,５,６,７,計
,3 ColorRuns,,,２,２,１,０,２,,,７
,フルフェイス,,,０,０,０,２,０,,,２
,,,,,,,,,,,
,,,,,,,,,,,
,,,,,,,,,,,
打順,選手名,背番号,守備,１回,２回,３回,４回,５回,６回,７回,
１,真鍋,７,５,遊直,,四球,,中２安,,,
２,髙橋,１７,４,投ゴロ,,投ゴロ,,四球,,,
３,大淵,２５,８→１→８,"四球
盗塁１",,中２安,,投飛,,,
４,田中（桜）,６１,９→８→１,三振,,三振,,三振,,,
５,桑原,１９,１→３→９,,三振,,四球,四球,,,
６,道下,１３,DH,,三振,,三振,投ゴロ,,,
７,古賀,１６,６→１→６,,左安,,遊ゴロ,,,,
８,中西,４,７,,四球,,四球,,,,
９,森,６,３→６→３,,三振,,"左安
打点２",,,,
１０,井口,１,２,,,右飛,三ゴロ,,,,
,,,,,,,,,,,
控え,田中（敬）,８,,,,,,,,,
投手成績,,,,,,,,,,,
,,,,,,,,,,,
,選手名,登板回数,失点,自責点,奪三振,四球,死球,被安打,被本塁打,,
１,桑原,３,５,５,２,２,０,６,１,,
２,古賀,１,０,０,０,１,０,０,０,,
３,大淵,２／３,２,２,０,２,１,１,０,,
４,田中（桜）,１／３,０,０,０,１,０,０,０,,
,,,,,,,,,,,
備考,,,,,,,,,,,